step,train_loss,val_loss,pr_auc,roc_auc,accuracy,f1_score,precision,recall,duration_seconds,timestamp_utc
1,1.2327,,,,,,,,9.434,2026-09-26T19:49:43.274995+00:00
2,1.21476,,,,,,,,9.434,2026-09-26T19:49:43.274995+00:00
3,1.1948,,,,,,,,9.434,2026-09-26T19:49:43.274995+00:00
4,1.17932,,,,,,,,9.434,2026-09-26T19:49:43.274995+00:00
5,1.16172,,,,,,,,9.434,2026-09-26T19:49:43.274995+00:00
6,1.14246,,,,,,,,9.434,2026-09-26T19:49:43.274995+00:00
7,1.12198,,,,,,,,9.434,2026-09-26T19:49:43.274995+00:00
8,1.1013,,,,,,,,9.434,2026-09-26T19:49:43.274995+00:00
9,1.07967,,,,,,,,9.434,2026-09-26T19:49:43.274995+00:00
10,1.0596,,,,,,,,9.434,2026-09-26T19:49:43.274995+00:00
11,1.03733,,,,,,,,9.434,2026-09-26T19:49:43.274995+00:00
12,1.01359,,,,,,,,9.434,2026-09-26T19:49:43.274995+00:00
13,0.98891,,,,,,,,9.434,2026-09-26T19:49:43.274995+00:00
14,0.96171,,,,,,,,9.434,2026-09-26T19:49:43.274995+00:00
15,0.93488,,,,,,,,9.434,2026-09-26T19:49:43.274995+00:00
