step,train_loss,val_loss,pr_auc,roc_auc,accuracy,f1_score,precision,recall,duration_seconds,timestamp_utc,extra_recall_at_01_fpr,extra_brier_score,extra_recall_at_001_fpr
0,0.7389645079771677,0.7389645079771677,0.00062,0.48346,0.35133,0.00154,0.00077,1.0,0.0,2026-09-26T16:51:28.438982+00:00,0.0,0.27257,
1,0.30414,0.00537,0.11273,0.88583,0.9995,0.0,0.0,0.0,2.9275,2026-09-26T16:51:31.372166+00:00,0.33333,0.0005,0.0
2,0.47222,0.00374,0.11602,0.79323,0.9995,0.0,0.0,0.0,1.721,2026-09-26T16:51:33.093489+00:00,0.33333,0.00051,0.0
3,0.3436,0.00337,0.04143,0.81991,0.9995,0.0,0.0,0.0,1.7678,2026-09-26T16:51:34.861043+00:00,0.0,0.00051,0.0
4,0.3822,0.00409,0.09575,0.81057,0.9995,0.0,0.0,0.0,1.6092,2026-09-26T16:51:36.471495+00:00,0.33333,0.00073,0.0
5,0.25491,0.00374,0.10031,0.81991,0.99933,0.0,0.0,0.0,1.7849,2026-09-26T16:51:38.256695+00:00,0.33333,0.00075,0.0
6,0.22618,0.00377,0.11708,0.86315,0.99933,0.0,0.0,0.0,1.5199,2026-09-26T16:51:39.775971+00:00,0.33333,0.00075,0.0
7,0.19184,0.00393,0.13135,0.85871,0.99867,0.2,0.14286,0.33333,1.8003,2026-09-26T16:51:41.576916+00:00,0.33333,0.00086,0.0
8,0.22527,0.00306,0.12772,0.87505,0.99933,0.0,0.0,0.0,1.5626,2026-09-26T16:51:43.138839+00:00,0.33333,0.00056,0.0
9,0.23433,0.00379,0.1314,0.87502,0.9985,0.18182,0.125,0.33333,1.7873,2026-09-26T16:51:44.928282+00:00,0.33333,0.00083,0.0
10,0.22286,0.00325,0.11838,0.86996,0.99933,0.0,0.0,0.0,1.7025,2026-09-26T16:51:46.630944+00:00,0.33333,0.0006,0.0
